,caption,like_count,media_type,media_url,comments_count,timestamp,id
0,ðŸ’¯ðŸ’¯,191,IMAGE,https://scontent.cdninstagram.com/v/t51.29350-15/131259154_737469633794277_1937390353510618327_n.jpg?_nc_cat=106&ccb=1-5&_nc_sid=8ae9d6&_nc_ohc=GBaZlopyQ7UAX-npqlQ&_nc_ht=scontent.cdninstagram.com&edm=AEQ6tj4EAAAA&oh=00_AT_cqUeptE1MVrPLQ_ZiaZZ0pjSqC-dO3VqsGzrnMPtV0w&oe=61BF1547,143,2020-12-15T16:30:37+0000,17858983892303896
1,After so long ðŸ’¯ðŸ’¯,206,IMAGE,https://scontent.cdninstagram.com/v/t51.29350-15/130593242_2855442801448446_3139803000941242860_n.jpg?_nc_cat=107&ccb=1-5&_nc_sid=8ae9d6&_nc_ohc=mrU6YdoJLGoAX9mD_en&_nc_ht=scontent.cdninstagram.com&edm=AEQ6tj4EAAAA&oh=00_AT9_acHqcqNR_qdUO9IlIiULyHEYzcJz8keX2NEuc2MCJQ&oe=61BE0684,160,2020-12-12T10:03:34+0000,17919403069498920
2,ðŸ’˜ðŸ’˜,196,IMAGE,https://scontent.cdninstagram.com/v/t51.29350-15/130109209_381920599781390_302320834986424981_n.jpg?_nc_cat=105&ccb=1-5&_nc_sid=8ae9d6&_nc_ohc=60viPQ5x47UAX8JUtyb&_nc_ht=scontent.cdninstagram.com&edm=AEQ6tj4EAAAA&oh=00_AT9CkD0Cr6ycUu4uQMjFQ0G4XBlA-SGasXJqFROFOTZxzw&oe=61BF90AC,160,2020-12-10T14:53:18+0000,18146348305109888
3,Watta hottie ðŸ’˜,175,IMAGE,https://scontent.cdninstagram.com/v/t51.29350-15/130530989_144788833748021_9023673655223940463_n.jpg?_nc_cat=103&ccb=1-5&_nc_sid=8ae9d6&_nc_ohc=lVgX9nDLzAwAX_fJZIU&_nc_ht=scontent.cdninstagram.com&edm=AEQ6tj4EAAAA&oh=00_AT-tb5xAOL-Fn-h70vnhPo37OgIa8WNCCMEEf-weJaqL6g&oe=61BEFC36,148,2020-12-09T15:18:24+0000,17895243946728762
4,ðŸ’˜ðŸ’˜,182,IMAGE,https://scontent.cdninstagram.com/v/t51.29350-15/129741735_683600635650448_8183253122450524100_n.jpg?_nc_cat=100&ccb=1-5&_nc_sid=8ae9d6&_nc_ohc=sBO49iZQBEcAX-ScmEU&_nc_oc=AQlyFeIeH7sCXQ-qUIRGWjpE0JxG39RH1kKpuWbj4J7lDR22G3TAhEWEQbDlA7FHVYs&_nc_ht=scontent.cdninstagram.com&edm=AEQ6tj4EAAAA&oh=00_AT97qY7t-Trm4sKC0r1vV47Ct-cRDC_hajsVh6FBjV2t2w&oe=61BEC155,166,2020-12-08T12:48:15+0000,17863059014268019
5,ðŸ’¯ðŸ’¯,205,IMAGE,https://scontent.cdninstagram.com/v/t51.29350-15/128682761_288832542557914_2156370913287316329_n.jpg?_nc_cat=106&ccb=1-5&_nc_sid=8ae9d6&_nc_ohc=582rWsQUmAgAX9jo_K4&_nc_ht=scontent.cdninstagram.com&edm=AEQ6tj4EAAAA&oh=00_AT8G_uWJeOGcZOnk2APa9SfuEW0QLlttbJa5qhwmt7pFDw&oe=61BF476C,228,2020-12-02T16:00:38+0000,17898923080647861
6,ðŸ’˜ðŸ’˜,171,IMAGE,https://scontent.cdninstagram.com/v/t51.29350-15/128529477_214451956751375_162668661650433041_n.jpg?_nc_cat=110&ccb=1-5&_nc_sid=8ae9d6&_nc_ohc=Sy1icn-mfa0AX9azVf2&_nc_ht=scontent.cdninstagram.com&edm=AEQ6tj4EAAAA&oh=00_AT8jjok1D8ZLL2_phBQkl457KFL8qlJz4K3PKL3euwWFCA&oe=61BE5ADE,152,2020-12-01T14:42:18+0000,17908234759550089
7,fukin hot ðŸ’¯,202,IMAGE,https://scontent.cdninstagram.com/v/t51.29350-15/128932819_199128891809847_8448129897892312276_n.jpg?_nc_cat=106&ccb=1-5&_nc_sid=8ae9d6&_nc_ohc=YesPCXGm0xwAX-tu1ub&_nc_ht=scontent.cdninstagram.com&edm=AEQ6tj4EAAAA&oh=00_AT_pWWJ5K0Io0VHBDATcQzdsFEuzaPUN-T4H6MYMVrVYrA&oe=61BDEDD1,180,2020-11-30T15:24:33+0000,17922147814478611
8,ðŸ”¥ðŸ”¥,144,IMAGE,https://scontent.cdninstagram.com/v/t51.29350-15/128421004_384282846150081_5650584462531015641_n.jpg?_nc_cat=105&ccb=1-5&_nc_sid=8ae9d6&_nc_ohc=XPUhADENG5wAX8SpFzU&_nc_ht=scontent.cdninstagram.com&edm=AEQ6tj4EAAAA&oh=00_AT-hhKvNZgNjVct38Ufw5-gkR7WO9LUEO0p7jyAX5NLYsw&oe=61BEDBA4,78,2020-11-29T15:58:13+0000,17945311519395778
9,Drop in favourite series .... ðŸŒ¹ðŸŒ¹ðŸŒ¹ðŸŒ¹,190,IMAGE,https://scontent.cdninstagram.com/v/t51.29350-15/127660131_160833049057548_3296344069094347419_n.jpg?_nc_cat=101&ccb=1-5&_nc_sid=8ae9d6&_nc_ohc=S6TT5E1SIoUAX8fuGJY&_nc_ht=scontent.cdninstagram.com&edm=AEQ6tj4EAAAA&oh=00_AT9HYP4TvL-O0ez0IOdUE8FQC6KBqRUzqHStkUC-2sEO6A&oe=61BF18F4,168,2020-11-27T16:03:26+0000,17878696963964719
