,0
0,"1:00:44
Breaking Modern Loneliness, May 2021
464K views
7 months ago
3:16
Lauv - 2021 [Official Audio]
1.5M views
11 months ago
2:26
Lauv & Conan Gray - Fake [Acoustic]
963K views
1 year ago
1:28
Lauv & Conan Gray - Fake [Behind The Scenes of the Music Video]
140K views
1 year ago
47:44
Breaking Modern Loneliness: Conversations on Mental Health (Finding Mental Health Online)
19K views
1 year ago
2:43
Lauv & Conan Gray - Fake [Official Music Video]
13M views
1 year ago
40:29
Breaking Modern Loneliness: Conversations on Mental Health (Finding Mental Health in Community)
32K views
Streamed 1 year ago
1:09:57
Breaking Modern Loneliness: Conversations on Mental Health (Finding Mental Health in Isolation)
214K views
Streamed 1 year ago
1:17
Breaking Modern Loneliness: World Mental Health Day
69K views
1 year ago
2:33
Lauv - Love Somebody [Acoustic for Digital FADER FORT]
858K views
1 year ago
2:24
Lauv - Love Somebody [Official Video]
6.7M views
1 year ago
2:22
Lauv - Dishes (Acoustic) [Official Audio]
292K views
1 year ago
0:58
Lauv - YouTube Berlin Event [Recap]
43K views
1 year ago
2:39
Lauv - Dishes [Official Video]
2.4M views
1 year ago
2:23
Lauv - Love Somebody [Official Audio]
1.9M views
1 year ago
1:59
Lauv - Miss Me (Demo) [Official Audio]
929K views
1 year ago
3:27
Lauv - Mine (You Can't Find Love in Mollywood) [Official Audio]
1.8M views
1 year ago
43:02
Breaking Modern Loneliness: mxmtoon [Episode 1]
72K views
1 year ago
28:56
Breaking Modern Loneliness: Jeremy Zucker [Episode 3]
96K views
1 year ago
34:41
Breaking Modern Loneliness: Dr. Vivek Murthy [Episode 2]
18K views
1 year ago
4:09
Lauv - El Tejano (feat. Sofía Reyes) [Official Video]
4.6M views
1 year ago
CC
3:05
Lauv - Love Like That [Official Audio]
2.6M views
1 year ago
58:39
Breaking Modern Loneliness: A Conversation on Mental Health
266K views
Streamed 1 year ago
Fundraiser
4:07
Lauv - Modern Loneliness (MTV Live Performance)
515K views
1 year ago
4:13
Lauv - Modern Loneliness [Official Video]
3.9M views
1 year ago
CC
4:13
Lauv - Modern Loneliness (acoustic) [Official Video]
2.3M views
1 year ago
CC
35:06
Lauv - #TogetherAtHome Livestream Concert
454K views
1 year ago
2:53
Lauv - The One Man Boyband [Episode 8]
111K views
1 year ago
4:08
Lauv - Modern Loneliness [Spanish Lyrics]
266K views
1 year ago
4:08
Lauv - Modern Loneliness [Traditional Chinese Lyrics]
37K views
1 year ago
4:08
Lauv - Modern Loneliness [Simplified Chinese]
12K views
1 year ago
4:08
Lauv - Modern Loneliness [Indonesian Lyrics]
78K views
1 year ago
4:08
Lauv - Modern Loneliness [Korean Lyrics]
219K views
1 year ago
4:08
Lauv - Modern Loneliness [Portuguese Lyrics]
60K views
1 year ago
4:08
Lauv - Modern Loneliness [German Lyrics]
68K views
1 year ago
4:08
Lauv - Modern Loneliness [Japanese Lyrics]
103K views
1 year ago
4:08
Lauv - Modern Loneliness [English Lyrics]
2.9M views
1 year ago
4:08
Lauv - Modern Loneliness [French Lyrics]
54K views
1 year ago
4:08
Lauv - Modern Loneliness [Thai Lyrics]
48K views
1 year ago
3:10
Lauv - El Tejano (feat. Sofía Reyes) [Official Visualizer]
1.9M views
1 year ago
3:01
Lauv - Billy [Official Visualizer]
1M views
1 year ago
3:04
Lauv - Canada (feat. Alessia Cara) [Official Visualizer]
2.2M views
1 year ago
Lauv - Lonely Eyes [Official Visualizer]
5M views
1 year ago
Lauv - Julia [Official Visualizer]
4.9M views
1 year ago
Lauv - Who (feat. BTS) [Official Visualizer]
57M views
1 year ago
Lauv - Invisible Things [Official Visualizer]
2.8M views
1 year ago
Lauv - Sweatpants [Official Visualizer]
898K views
1 year ago
Lauv - For Now [Official Visualizer]
1.5M views
1 year ago
Lauv - Tell My Mama [Official Visualizer]
797K views
1 year ago
Lauv - Believed [Official Visualizer]
868K views
1 year ago
Lauv - i'm so tired... (Live on Late Night Berlin)
128K views
1 year ago
Lauv - The One Man Boyband [Episode 7]
64K views
1 year ago
Lauv - The One Man Boyband [Episode 6]
87K views
1 year ago
Lauv - Modern Loneliness [Official Visualizer]
15M views
1 year ago
Lauv - The One Man Boyband [Episode 5]
83K views
1 year ago
Lauv - The One Man Boyband [Episode 4]
81K views
1 year ago
Lauv - The One Man Boyband [Episode 3]
55K views
1 year ago
Lauv - The One Man Boyband [Episode 2]
147K views
1 year ago
Lauv - The One Man Boyband [Episode 1]
268K views
1 year ago
Lauv - Tattoos Together [Official Video]
10M views
1 year ago
CC"
